label	GM	isolation_date	sex	species	Photo_ID
PP1-2	GM1-1	25/03/2024	F	forsmani	DSC_003-DSC_010
PP1-3	GM1-1	25/03/2024	F	forsmani	DSC_010-DSC_012
PP2-6	GM1-3	25/03/2024	F	forsmani	DSC_032-DSC_033
PP3-3	GM3-1	25/03/2024	F	forsmani	DSC_043-DSC044
PP3-6	GM3-1	25/03/2024	F	forsmani	DSC_045-DSC046
PP4-5	GM3-2	25/03/2024	M	forsmani	DSC_057-DSC_058
PP4-6	GM3-2	25/03/2024	M	forsmani	DSC_059-DSC_060
PP6-3	GM4-6	25/03/2024	F	forsmani	DSC_077-DSC_078
PP6-6	GM4-6	25/03/2024	F	forsmani	DSC_081-DSC_083
PP7-4	GM6-2	25/03/2024	F	forsmani	DSC_092-DSC_093
PP7-5	GM6-2	25/03/2024	F	forsmani	DSC_097-DSC_098
PP8-2	GM8-1	25/03/2024	F	forsmani	DSC_103-DSC_104
PP8-3	GM8-1	25/03/2024	F	forsmani	DSC_105-DSC_107
PP9-2	GM8-3	25/03/2024	M	forsmani	DSC_117-DSC_118
PP10-3	GM8-4	25/03/2024	F	forsmani	DSC_124-DSC_125
PP11-2	GM8-6	25/03/2024	M	forsmani	DSC_134-DSC_135
PP11-3	GM8-6	25/03/2024	M	forsmani	DSC_136-DSC_137
PP13-3	GM5-3	27/03/2024	M	forsmani	DSC_164-DSC_165
PP14-2	GM6-1	27/03/2024	M	forsmani	DSC_170-DSC_171
PP16-2	GM6-6	27/03/2024	M	forsmani	DSC_197-DSC_198
PP16-5	GM6-6	27/03/2024	M	forsmani	DSC_203-DSC_204
PP21-2	GM9-3	27/03/2024	M	forsmani	DSC_276-DSC_277
PP22-2	GM9-4	27/03/2024	M	forsmani	DSC_284-DSC_285
PP22-4	GM9-4	27/03/2024	M	forsmani	DSC_288-DSC_290
PP23-2	GM1-4	29/03/2024	M	forsmani	DSC_297-DSC_298
PP24-2	GM1-5	29/03/2024	M	forsmani	DSC_313-DSC_314
PP26-3	GM3-3	29/03/2024	M	forsmani	DSC_346-DSC_347
PP29-6	GM7-6	29/03/2024	M	forsmani	DSC_388-DSC_389
PP30-4	GM4-2	02/04/2024	F	forsmani	DSC_415-DSC_413
PP30-6	GM4-2	02/04/2024	F	forsmani	DSC_416-DSC_417
PP31-3	GM8-5	02/04/2024	F	forsmani	DSC_428-DSC_429
PP31-4	GM8-5	02/04/2024	F	forsmani	DSC_430-DSC_431
PP32-1	GM9-2	02/04/2024	F	forsmani	DSC_446-DSC_447
PP32-2	GM9-2	02/04/2024	F	forsmani	DSC_448-DSC_449
PP33-5	GM3-4	05/04/2024	F	forsmani	DSC_471-DSC_472
PP33-6	GM3-4	05/04/2024	F	forsmani	DSC_473-DSC_475
PP34-3	GM2-2	05/04/2024	M	forsmani	DSC_484-DSC_485
PP34-6	GM2-2	05/04/2024	M	forsmani	DSC_488-DSC_489
PP35-1	GM4-1	05/04/2024	M	forsmani	DSC_506-DSC_507
PP35-5	GM4-1	05/04/2024	M	forsmani	DSC_510-DSC_511
PP36-2	GM4-4	05/04/2024	F	forsmani	DSC_518-DSC_520
PP36-6	GM4-4	05/04/2024	F	forsmani	DSC_528-DSC_529
PP37-2	GM5-5	05/04/2024	M	forsmani	DSC_538-DSC_539
PP37-4	GM5-5	05/04/2024	M	forsmani	DSC_542-DSC_543
PP38-2	GM7-4	05/04/2024	M	forsmani	DSC_552-DSC_553
PP38-3	GM7-4	05/04/2024	M	forsmani	DSC_554-DSC_555
PP39-1	GM9-5	05/04/2024	F	forsmani	DSC_571-DSC_572
PP39-6	GM9-5	05/04/2024	F	forsmani	DSC_580-DSC_581
PP40-2	GM9-6	08/04/2024	M	forsmani	DSC_592-DSC_593
PP40-4	GM9-6	08/04/2024	M	forsmani	DSC_596-DSC_597
PP41-2	GM2-6	10/04/2024	F	forsmani	DSC_604-DSC_605
PP41-6	GM2-6	10/04/2024	F	forsmani	DSC_614-DSC_615
PA2-1	GM14-1	25/03/2024	M	praehirsuta	DSC_034-DSC_036
PA2-4	GM14-1	25/03/2024	M	praehirsuta	DSC_039-DSC_040
PA3-4	GM14-3	25/03/2024	F	praehirsuta	DSC_049-DSC_051
PA3-5	GM14-3	25/03/2024	F	praehirsuta	DSC_052-DSC_054
PA4-1	GM17-2	25/03/2024	M	praehirsuta	DSC_061-DSC_062
PA8-2	GM16-4	27/03/2024	M	praehirsuta	DSC_113-DSC_114
PA10-2	GM17-5	27/03/2024	F	praehirsuta	DSC_126-DSC_127
PA10-6	GM17-5	27/03/2024	F	praehirsuta	DSC_130-DSC_131
PA11-4	GM18-2	27/03/2024	F	praehirsuta	DSC_140-DSC_145
PA13-5	GM15-3	29/03/2024	F	praehirsuta	DSC_168-DSC_169
PA14-1	GM16-3	29/03/2024	F	praehirsuta	DSC_174-DSC_175
PA14-2	GM16-3	29/03/2024	F	praehirsuta	DSC_176-DSC_177
PA15-1	GM18-1	29/03/2024	M	praehirsuta	NA
PA15-6	GM18-1	29/03/2024	M	praehirsuta	DSC_195-DSC_196
PA16-2	GM10-1	02/04/2024	F	praehirsuta	DSC_205-DSC_206
PA16-5	GM10-1	02/04/2024	F	praehirsuta	DSC_211-DSC_212
PA17-2	GM12-3	02/04/2024	M	praehirsuta	DSC_221-DSC_222
PA17-6	GM12-3	02/04/2024	M	praehirsuta	DSC_225-DSC_226
PA18-3	GM13-2	02/04/2024	F	praehirsuta	DSC_239-DSC_240
PA18-4	GM13-2	02/04/2024	F	praehirsuta	DSC_241-DSC_242
PA19-5	GM13-5	02/04/2024	M	praehirsuta	DSC_256-DSC_257
PA19-6	GM13-5	02/04/2024	M	praehirsuta	DSC_258-DSC_259
PA20-2	GM15-6	02/04/2024	M	praehirsuta	DSC_268-DSC_269
PA20-4	GM15-6	02/04/2024	M	praehirsuta	DSC_270-DSC_271
PA21-3	GM18-4	02/04/2024	M	praehirsuta	DSC_278-DSC_279
PA22-3	GM11-4	05/04/2024	M	praehirsuta	DSC_295-DSC_296
PA23-4	GM11-6	05/04/2024	F	praehirsuta	DSC_305-DSC_306
PA23-6	GM11-6	05/04/2024	F	praehirsuta	DSC_309-DSC_310
PA24-3	GM12-4	05/04/2024	F	praehirsuta	DSC_323-DSC_324
PA24-5	GM12-4	05/04/2024	F	praehirsuta	DSC_327-DSC_328
PA25-2	GM17-1	05/04/2024	M	praehirsuta	DSC_335-DSC_336
PA25-4	GM17-1	05/04/2024	M	praehirsuta	DSC_340-DSC_341
PA26-1	GM10-5	08/04/2024	F	praehirsuta	DSC_350-DSC_351
PA26-3	GM10-5	08/04/2024	F	praehirsuta	DSC_354-DSC_355
PA27-5	GM12-2	08/04/2024	M	praehirsuta	DSC_370-DSC_371
PA27-6	GM12-2	08/04/2024	M	praehirsuta	DSC_372-DSC_373
PA28-3	GM13-1	08/04/2024	F	praehirsuta	DSC_378-DSC_379
PA28-4	GM13-1	08/04/2024	F	praehirsuta	DSC_380-DSC_383
PA29-3	GM14-6	08/04/2024	F	praehirsuta	DSC_396-DSC_397
PA29-6	GM14-6	08/04/2024	F	praehirsuta	DSC_402-DSC_403
PA30-2	GM15-5	08/04/2024	M	praehirsuta	DSC_420-DSC_421
PA30-3	GM15-5	08/04/2024	M	praehirsuta	DSC_422-DSC_423
PA31-6	GM16-1	08/04/2024	F	praehirsuta	DSC_444-DSC_445
PA32-2	GM16-2	08/04/2024	M	praehirsuta	DSC_454-DSC_455
PA32-6	GM16-2	08/04/2024	M	praehirsuta	DSC_463-DSC_464
PA33-1	GM16-6	08/04/2024	M	praehirsuta	DSC_476-DSC_477
PA34-2	GM17-3	08/04/2024	F	praehirsuta	DSC_500-DSC_501
PA35-3	GM18-3	08/04/2024	M	praehirsuta	DSC_494-DSC_495
PA36-3	GM18-6	08/04/2024	M	praehirsuta	DSC_532-DSC_533
PA37-6	GM11-5	10/04/2024	F	praehirsuta	DSC_548-DSC_549
PA38-1	GM14-2	10/04/2024	F	praehirsuta	DSC_562-DSC_563
PA39-4	GM15-2	10/04/2024	M	praehirsuta	DSC_586-DSC_587